FName,MName,LName,Supervisor,StartDate,EndDate
Perla,Abby,Roberts,Joslyn Cassidy Mackenzie,2022-07-03,
Simone,Marina,Peake,Joslyn Cassidy Mackenzie,2022-08-31,
Danica,Larissa,Scott,Paula Amy Black,2021-06-30,2021-12-19
Danica,Larissa,Scott,Paula Elsie Arnold,2021-12-19,
Izabelle,Emery,Ferguson,Joslyn Cassidy Mackenzie,2023-07-21,
Cierra,Izabelle,Gill,Kendra Rayna Mitchell,2022-04-22,
Lana,Larissa,Mackenzie,Kendra Rayna Mitchell,2021-11-09,
Danica,Joslyn,Lee,Joslyn Cassidy Mackenzie,2022-01-27,
Shyla,Elsie,Alsop,Kendra Rayna Mitchell,2021-08-26,
Karen,Simone,Buckland,Danica Larissa Scott,2024-01-13,
Marina,Emery,Cameron,Danica Larissa Scott,2023-08-29,
Shyla,Asia,Russell,Danica Larissa Scott,2023-05-11,
Joslyn,Cassidy,Mackenzie,Danica Larissa Scott,2021-11-01,
Emery,Marina,Peake,Perla Ana Young,2024-01-08,
Shirley,Emma,Henderson,Perla Ana Young,2022-10-20,
Valeria,Veronica,Mills,Perla Ana Young,2024-01-28,
Kendra,Veronica,Vance,Cierra Mira Pullman,2023-09-13,
Madelynn,Justice,Turner,Cierra Mira Pullman,2022-04-01,
Marisol,Kendra,Clarkson,Joslyn Cassidy Mackenzie,2022-01-13,
Taliyah,Rayna,Allan,Perla Ana Young,2022-05-12,
Kendra,Rayna,Mitchell,Danica Larissa Scott,2021-08-26,
Valeria,Alannah,Fraser,Kendra Rayna Mitchell,2021-08-26,
Arielle,Kendra,Hart,Kendra Rayna Mitchell,2021-12-11,
Valeria,Joslyn,Simpson,Kendra Rayna Mitchell,2023-11-18,
Shyla,Myah,Manning,Kendra Rayna Mitchell,2021-10-24,
Arielle,Mira,Rutherford,Cierra Mira Pullman,2023-01-22,
Cierra,Mira,Pullman,Paula Amy Black,2021-07-10,2021-12-19
Cierra,Mira,Pullman,Paula Elsie Arnold,2021-12-19,
Elsie,Valeria,Lawrence,Cierra Mira Pullman,2021-11-14,
Perla,Ana,Young,Cierra Mira Pullman,2022-02-08,
Alannah,Sydney,Greene,Cierra Mira Pullman,2022-04-04,
Piper,Mira,Turner,Arielle Mira Rutherford,2023-06-14,
Shirley,Jayla,Peters,Perla Ana Young,2023-03-28,
Rachael,Monica,Skinner,Elsie Valeria Lawrence,2021-08-20,2022-02-08
Rachael,Monica,Skinner,Perla Ana Young,2022-02-08,
Cassidy,Alannah,Bower,Perla Ana Young,2022-12-27,
Emery,Jayla,Hemmings,Elsie Valeria Lawrence,2021-11-14,2022-02-08
Emery,Jayla,Hemmings,Perla Ana Young,2022-02-08,
Giana,Elianna,Coleman,Alannah Sydney Greene,2024-02-04,
Shyla,Marina,Gill,Alannah Sydney Greene,2023-08-08,
Perla,Sydney,Ellison,Alannah Sydney Greene,2023-11-12,
Kyra,Rayna,Black,Perla Ana Young,2022-12-06,
Perla,Izabelle,Poole,Perla Ana Young,2021-09-09,
Yesenia,Elsie,Ogden,Cierra Mira Pullman,2021-08-08,
Tiara,Tiara,Kerr,Kendra Rayna Mitchell,2021-11-11,
,,,,,
,,,,,
,,,,,
,,,,,
,,,,,
,,,,,
,,,,,
,,,,,
,,,,,
,,,,,
,,,,,
,,,,,
,,,,,
,,,,,
,,,,,
,,,,,
